keyword,location,page,position,company,jobkey,jobTitle,jobDescription
intern,Canada,1,14,,de1a46bbbf1fa509,,"<div></div>
<div>
 <div>
  <div>
   Canada 
  </div>
 </div>
 <div>
  <p><b>Descriptif de poste</b></p> 
  <div>
   Prevost, membre du Groupe Volvo, est l’un des plus importants fabricants d’autocars interurbains en Amérique du Nord et le chef de file en production de carrosseries d’autocar pour conversion. Nous produisons environ 800 autocars et carrosseries d’autocar par année. Nous sommes un acteur important en matière de pièces et de service. L’entreprise emploie présentement 2 000 personnes dévouées pour son usine de fabrication principale, à Québec, à Plattsburgh, dans l’État de New York en plus de ses 21 centres de pièces et de services au Canada et aux États-Unis. Nous prônons les valeurs de 
   <b>Changement, </b>de 
   <b>Passion</b>, de 
   <b>Succès des clients</b>, de 
   <b>Performance</b> et de 
   <b>Confiance</b>. 
   <br> 
   <br> Tu veux faire un bout de chemin avec nous ? 
   <br> C’est ta chance, nous sommes activement à la recherche d’un (1) 
   <b>Stagiaire</b>.
   <br> 
   <br> 
   <b>Lieu du stage : </b>
   <br> Centre de distribution des pièces, 2955-A Avenue Watt, Québec, G1X 3W1
   <br> 
   <br> 
   <b>Vivre un Stage chez nous c’est : </b>
   <ul>
    <li>Un taux horaire de <b>30.64$</b>; </li>
    <li>Un horaire flexible;</li>
    <li> Une participation active à des projets d’envergure;</li>
    <li> Des possibilités d’emploi ou de temps partiel suite au stage;</li>
    <li> Une opportunité d’apprentissage auprès de gestionnaires expérimentés qui auront à cœur ton développement; </li>
    <li>Une ambiance agréable et des collègues disponibles.</li>
   </ul>
   <br> 
   <b> Sommaire de l’opportunité : </b>
   <br> En tant que Stagiaire Officier de Crédit, tu effectueras diverses activités reliées au contrôle des encaissements et de la collection. Tu seras responsable de dossiers à gérer de façon autonome en plus de participer à l’implantation de projets financier, procédural et d’amélioration continue dans le domaine d’activité.
   <br> 
   <br> 
   <b>Tes défis à réaliser : </b>
   <ul>
    <li>S’assurer de la conformité des termes et conditions des comptes clients en accord avec la politique de l’entreprise.</li>
    <li> Contacter les clients détenant un compte en souffrance tout en maintenant un contact harmonieux envers le client.</li>
    <li> Effectuer le suivi des arrangements convenus et en assurer le respect.</li>
    <li> Vérifier et valider les sommes perçues des clients.</li>
    <li> Supporter les clients internes, ventes, services, bureau des commandes pour tout support relié à la gestion des comptes recevables.</li>
    <li> Faire le lien entre le client délinquant et les agences de recouvrements.</li>
    <li> Participer à la création et au suivi des indicateurs de performances sur Excel &amp; Power BI.</li>
    <li> Participer à l’implantation de procédures et/ou à l’amélioration de processus;</li>
    <li> Effectuer des vérifications et dans certains cas des recherches de conformité de données soit à l’interne ou à l’externe pour obtenir les informations pertinentes et réfère les problèmes aux différents intervenants.</li>
    <li> Sur approbation de son supérieur, émet le paiement par chèque, traite ou transfert bancaire, de certains remboursements aux clients et remboursement de réclamation de garantie; </li>
   </ul>
   <br> 
   <b>Profil recherché</b>
   <b> :</b>
   <ul>
    <li> Étudiant à temps plein au baccalauréat en comptabilité/administration;</li>
    <li> Personnalité dynamique et motivée; </li>
    <li>Autonomie et débrouillardise;</li>
    <li> Bilinguisme (Anglais et Français). </li>
   </ul>
   <br> Pas encore convaincu ? Regarde ce vidéo!
   <br> 
   <br> 
   <br> 
   <br> 
   <b>POSE TA CANDIDATURE </b>via
   <b> </b>ce lien 
   <b>ou</b> par ta plateforme scolaire. 
   <br> 
   <br> Pour voir les multiples possibilités de carrière que nous offrons, visite le www.prevostjob.com
   <br> 
   <br> 
   <b>Prevost : L’expérience absolue </b>
  </div>
 </div>
 <div>
  <p><b>Nous connaître</b></p> 
  <div>
   Avec des changements technologiques majeurs à venir qui bouleverseront notre façon de vivre, il est plus passionnant que jamais de travailler dans l'industrie du transport. Depuis 1927, le groupe Volvo propose des solutions de transport et d'infrastructure durables et efficaces essentielles à la prospérité de toute société. Chaque jour, nos camions, autobus, moteurs, engins de chantier et services financiers facilitent notre quotidien. Nous offrons une multitude d’opportunités de carrière au sein de nos différentes entités et marques commerciales, leaders sur leurs marchés. Toutes partagent une même culture fondée sur des valeurs de confiance, passion, performance, changement et réussite client. 
   <br> www.volvogroup.com/career.
   <p><b> Volvo Group Finance</b> contribue à réaliser la vision du groupe Volvo en développant et en proposant un large éventail de services spécialisés, de la planification financière à la comptabilité, en passant par le contrôle de gestion, les fusions et acquisitions, les services immobiliers, le reporting financier et les relations avec les investisseurs. Avec Volvo Group Finance, vous ferez partie d'une équipe diversifiée et internationale de professionnels hautement qualifiés qui travaillent avec passion, se font mutuellement confiance et sont ouverts au changement pour garder une longueur d'avance. Nous faisons gagner nos clients.</p>
  </div> 
 </div>
 <div>
  <p><b>IdDemandeAuto</b></p> 
  <div>
   145320BR
  </div> 
 </div>
 <div>
  <p><b>Organisation</b></p> 
  <div>
   Group Finance 
  </div>
 </div>
 <div>
  <p><b>Région</b></p> 
  <div>
   Québec 
  </div>
 </div>
 <div>
  <p><b>Ville</b></p> 
  <div>
   Ste-Foy
  </div> 
 </div>
 <div>
  <p><b>Type de poste</b></p> 
  <div>
   Stage 
  </div>
 </div>
 <div>
  <p><b>Domaine d’activité</b></p> 
  <div>
   Finance et contrôle de gestion 
  </div>
 </div>
 <div>
  <p><b>Date de fin de publication</b></p> 
  <div>
   26-Avr-2024
  </div>
 </div>
</div>"
intern,Canada,1,13,,8cb97684532f860d,,"<div>
 <div>
  <b>Intern Extension Agrologist</b> 
  <b>-</b> 
  <b>AGR000855</b>
  <div> 
  </div>
 </div>
 <div>
  <b> Employment Type</b>
  <b>:</b> SGEU Term 9 months or more
 </div>
 <div>
  <b> Location(s)</b>
  <b>:</b> SK-Central West-Kindersley SK-Central East-Yorkton, SK-North East-Tisdale, SK-North West-North Battleford, SK-South East-Weyburn
 </div>
 <div>
  <b> Ministry</b>
  <b>:</b> 001 Agriculture
 </div>
 <div>
  <b> Salary Range</b>
  <b>:</b> $30.935-$38.764 Hourly
 </div>
 <div>
  <b> Grade</b>
  <b>:</b> SGEU.09.
 </div>
 <p></p>
 <div>
  <p> The Saskatchewan Ministry of Agriculture offers extension services and programming for farmers, ranchers and agri-businesses in the province of Saskatchewan. The Saskatchewan Ministry of Agriculture supports the agriculture industry to manage risk and enable a globally competitive and sustainable agriculture and food sector.</p> 
  <p> The Regional Service Branch within the Ministry of Agriculture has two Intern Extension Agrologist positions available for a recent graduate looking to develop and expand their knowledge of the agriculture industry and deliver on the extension priorities within Regional Services branch. These positions will be located within the Kindersley, Yorkton, North Battleford, Weyburn or Tisdale Regional Offices.</p> 
  <p> The Intern Extension Agrologists will work on initiatives and projects to support the transfer of information and technology to farmers, ranchers, and the agriculture industry. As the successful candidate, you will plan and implement extension activities, provide service and information to clients, work on special projects, develop your technical skills and expand your network of contacts. You will work with knowledgeable agrologists and gain experience in government.</p> 
  <p><b> The ideal candidate is someone who is:</b></p> 
  <ul> 
   <li>highly motivated to apply their existing knowledge and learn new skills in a dynamic, client focused environment;</li> 
   <li>organized and able to prioritize and meet multiple deadlines;</li> 
   <li>able to work independently but also as part of a highly dynamic team; and</li> 
   <li>able to plan, coordinate and facilitate meetings, events, field days and demonstrations to share information with clients to create a greater understanding of issues currently impacting the industry.</li> 
  </ul> 
  <p>To qualify, you must have completed an undergraduate or graduate degree in agriculture within the last three years, have less than three years job experience, possess knowledge of the Western Canadian agriculture industry, and have the ability to be registered with the Saskatchewan Institute of Agrologists as defined by The Agrologists Act. A valid lass 5 drivers license is also required.</p> 
  <p><b> What we offer:</b></p> 
  <ul> 
   <li>valuable, engaging and fulfilling work;</li> 
   <li>a comprehensive benefits package including pension;</li> 
   <li>vacation, earned days off, and flexibility to assist in maintaining a healthy work/life balance;</li> 
   <li>an inclusive, supportive and high-performing team culture;</li> 
   <li>coaching and development opportunities; and</li> 
   <li>industry network development opportunities.</li> 
  </ul> 
  <p>The Ministry’s deep-rooted values of innovation, teamwork, integrity, service excellence, and leadership at all levels serve as the foundation to ensure results are achieved. The successful candidate must be a team player, able to both lead and collaborate, have a reputation for integrity, and a focus on service excellence and innovation in their work.</p>
 </div>
 <p></p>
 <div>
   We are committed to workplace diversity.
 </div>
 <p></p>
 <div>
  <b> Hours of Work</b>
  <b>:</b> B - SGEU Field 37.33 - work a total of 37.33 hours/week, averaged over 4 weeks
 </div>
 <div>
  <b> Number of Openings</b>
  <b>:</b> 2
 </div>
 <p></p>
 <div>
  <b> Closing Date</b>: Oct 24, 2023, 12:59:00 AM
 </div>
</div>"
intern,Canada,1,12,,75dfbce8706688fb,,"<div>
 <p>We are seeking an entry-level Front-end Developer to join our team. In this role, you will work closely with our senior developers and design team to develop and maintain the resort’s website, ensuring an exceptional user experience for our guests. You will be responsible for developing the website layout and user interface, creating reusable code and libraries, and optimizing the website for maximum speed and scalability.</p> 
 <p><b> Responsibilities</b>:</p> 
 <ul> 
  <li>Collaborate with the design team to develop website layout and user interface</li> 
  <li>Write clean, efficient, and maintainable code using HTML, CSS, and JavaScript</li> 
  <li>Develop and maintain website features and functionality</li> 
  <li>Optimize the website for maximum speed and scalability</li> 
  <li>Implement SEO best practices to increase website visibility and search engine ranking</li> 
  <li>Ensure website accessibility and compatibility with different browsers and devices</li> 
  <li>Troubleshoot and debug website issues</li> 
  <li>Collaborate with back-end developers to integrate front-end functionality with back-end systems</li> 
  <li>Stay up-to-date with emerging trends and technologies in web development</li> 
 </ul> 
 <p><b>Qualifications</b>:</p> 
 <ul> 
  <li>Bachelor’s degree in Computer Science, Web Development, or a related field</li> 
  <li>Proficiency in HTML, CSS, and JavaScript</li> 
  <li>Understanding of responsive design and cross-browser compatibility</li> 
  <li>Familiarity with web development frameworks and libraries such as React, Vue, or Angular</li> 
  <li>Knowledge of SEO best practices and website optimization techniques</li> 
  <li>Strong problem-solving skills and attention to detail</li> 
  <li>Ability to work independently and in a team environment</li> 
  <li>Excellent written and verbal communication skills</li> 
  <li>Ability to prioritize and manage multiple tasks and deadlines</li> 
 </ul> 
 <p>If you are passionate about front-end development and want to be part of a dynamic team that is committed to delivering exceptional user experiences, we encourage you to apply for this exciting opportunity at CEM Resort.</p>
</div>"
intern,Canada,1,11,,c53863cf5448bcdd,,"<ul> 
 <li>Currently enrolled in a Diploma, Bachelors, Masters, or PhD in Computer Science, Computer Engineering, Data Science, Electrical Engineering, or majors relating to these fields.</li> 
 <li>Expected graduation date between 10/2024 - 9/2027.</li> 
 <li>Programming experience with at least one modern language such as Java, C++, or C# including object-oriented design.</li> 
</ul> Amazon internships are full-time positions, and interns should expect to work Monday-Friday, up to 40 hours per week typically between 8am-5pm. Specific team norms around working hours will be communicated by your manager. Interns should not have conflicts such as class or other employment during the Amazon work-day. 
<br>
<br> Applicants should have a minimum of one school term remaining in their studies after the internship concludes. We will take your internship season and location preferences into consideration. Preferences are based on business availability and are not guaranteed. Please note that a majority of our internships take place in the summer. 
<br>
<br> 
<b>Start dates for our internships include the following periods:</b> 
<br>1. Winter (Starts January/February) 
<br>2. Summer (Starts May/June) 
<br>3. Fall (Starts August/September) 
<br>
<br> Software Development Engineer (SDE) Internships 
<br>At Amazon, we hire the best minds in technology to innovate and build on behalf of our customers. The intense focus we have on our customers is why we are one of the world’s most beloved brands – customer obsession is part of our company DNA. Our interns write software and collaborate with experienced software development engineers (SDEs) who guide interns on projects that matter to our customers. 
<br>
<br> As an intern, you will be matched to a manager and a mentor. You will have the opportunity to influence the evolution of Amazon technology and lead critical projects early in your career. Your design and code will contribute to solving some of the most complex technical challenges in the areas of distributed systems, data mining, automation, optimization, scalability, and security – just to name a few. 
<br>
<br> In addition to working on an impactful project, you will have the opportunity to engage with Amazonians for both personal and professional development, expand your network, and participate in activities with other interns throughout your internship. No matter the location of your internship, we give you the tools to own your project and learn in a real-world setting. Many of our technologies overlap, and you would be hard pressed to find a team that is not using Amazon Web Services (AWS), touching the catalogue, or iterating services to better personalize for customers. We make the impossible, possible. 
<br>
<br> 
<b>Key Job Responsibilities:</b>
<br> 
<ul> 
 <li>Collaborate with experienced cross-disciplinary Amazonians to conceive, design, and bring innovative products and services to market.</li> 
 <li>Design and build innovative technologies in a large distributed computing environment, and help lead fundamental changes in the industry.</li> 
 <li>Create solutions to run predictions on distributed systems with exposure to innovative technologies at incredible scale and speed.</li> 
 <li>Build distributed storage, index, and query systems that are scalable, fault-tolerant, low cost, and easy to manage/use.</li> 
 <li>Ability to design and code the right solutions starting with broadly defined problems.</li> 
 <li>Work in an agile environment to deliver high-quality software.</li> 
</ul> 
<b>Locations:</b>
<br> 
<b>Note:</b> By applying to this position, your application will be considered for all locations we hire for in Canada including, but not limited to: Vancouver, BC; Toronto, ON, Winnipeg, MN, Victoria, BC, Ottawa, ON, Calgary, AB. Locations are subject to change. 
<br>
<br> We’re on the lookout for the curious, those who think big and want to define the world of tomorrow. At Amazon, you will grow into the high impact, visionary person you know you’re ready to be. Every day will be filled with exciting new challenges, developing new skills, and achieving personal growth. 
<br>
<br> How often can you say that your work changes the world? At Amazon, you’ll say it often. Join us and define tomorrow. 
<br>
<br> We are open to hiring candidates to work out of one of the following locations: 
<br>
<br> Vancouver, BC, CAN 
<br>
<br> 
<ul> 
 <li>Previous technical internship(s), if applicable.</li> 
 <li>Experience with distributed, multi-tiered systems, algorithms, and relational databases.</li> 
 <li>Experience in optimization mathematics such as linear programming and nonlinear optimization.</li> 
 <li>Ability to effectively articulate technical challenges and solutions.</li> 
 <li>Adept at handling ambiguous or undefined problems as well as ability to think abstractly.</li> 
</ul> Applications are reviewed on a rolling basis. For an update on your status or to confirm your application was submitted successfully, please login to your candidate portal at amazonuniversity.jobs. Amazon works with a high volume of applicants so we appreciate your patience as we review applications. 
<br>
<br> Our inclusive culture empowers Amazonians to deliver the best results for our customers. We not only celebrate the diversity of our workforce, we celebrate the diverse ways we work. If you have a disability and need an accommodation, such as sign languages interpretation or a different interview format, let us know. Contact us at 1-888-470-1688, Monday through Friday from 6 a.m. to 7 p.m. PT. Amazon is committed to providing employment accommodation in accordance with the Canada Human Rights Code and the Accessibility for Canadians with Disabilities Act. If you require accommodations, please notify us when/if you are selected for an interview. 
<br>
<br> Amazon is committed to a diverse and inclusive workplace. Amazon is an equal opportunity employer and does not discriminate on the basis of race, national origin, gender, gender identity, sexual orientation, disability, age, or other legally protected status. If you would like to request an accommodation, please notify your Recruiter."
intern,Canada,1,10,,19cb7efd6127df7c,,"<div>
 <p><b>ABOUT KHAN ACADEMY</b></p> 
 <p> Founded in 2008, we are a nonprofit because we believe education is a human right. Our mission is to provide a free, world-class education to anyone, anywhere. Through our research, we know that to achieve our mission, we must better understand and focus on historically under-resourced (HUR) communities in the US to guide our work. Our focus on providing equitable solutions to HUR communities helps ensure we close gaps in education that benefit all learners.</p> 
 <div> 
  <div>
   <div>
    <div>
     <p><b>WE ARE DRIVEN BY OUR COMMUNITY</b></p> 
     <p> Our students, teachers, and parents come from all walks of life, and so do we. Our team includes people from academia, traditional/non-traditional education, big tech companies, and tiny startups. We hire great people from diverse backgrounds and experiences because it makes our company stronger. We value diversity, equity, inclusion, and belonging as necessary to achieve our mission and impact the communities we serve. We know that transforming education starts in-house with learning about ourselves and our colleagues. We strive to be world-class in investing in our people and commit to developing you as a professional.</p> 
     <p><b> THE ROLE</b></p> 
     <p> We are looking for talented software engineers for our remote Summer 2024 internship program and accepting applications until Friday, October 13th at 5pm PDT.</p> 
    </div> 
   </div>
  </div>
 </div>
 <p>We currently use: Go, JavaScript (React / React Native, Redux, Flow), Google App Engine, GraphQL and other technologies that best solve the problem at hand. Here are some examples of recent projects our interns have done:</p> 
 <ul> 
  <li>Developing a digital SAT landing page</li> 
  <li>Rewriting the calculator widget user interface</li> 
  <li>Creating tools for classroom teachers</li> 
  <li>Developing new APIs, as part of our transition to Go</li> 
 </ul> 
 <p>You can read about our latest work on our Engineering Blog for more information.</p> 
 <p><b> WHAT YOU BRING</b></p> 
 <ul> 
  <li>Current enrollment in a Bachelor’s degree program in computer science or a related field</li> 
  <li>An expected graduation date in 2025 or 2026 (rising Junior or Senior)</li> 
  <li>At least one previous software internship experience</li> 
  <li>Ability to start in the month of May/2024 or 6/2024 and have 10-12 weeks of availability for our internship</li> 
  <li>Ability to work/live within the United States or Canada for the duration of your internship</li> 
  <li>Motivated by the Khan Academy mission “to provide a free world-class education for anyone, anywhere”</li> 
  <li>Proven cross-cultural competency skills demonstrating self-awareness, awareness of other, and the ability to adopt inclusive perspectives, attitudes, and behaviors to drive inclusion and belonging throughout the organization</li> 
  <li>Eagerness to learn, educate, write code, and build products used by millions of learners and teachers</li> 
  <li>Strong communication, thoughtfulness, and desire to give and receive regular feedback</li> 
  <li>Empathy for learners around the world. You love learning and are excited about helping others learn to love learning. You’re motivated to learn new things and share what you learn with the world</li> 
 </ul> 
 <p><b>WE WELCOME</b></p> 
 <p> Software Engineers with experience in any and all technologies. We don't require experience in any particular language or tool. Our commitment to on-boarding and mentorship means you won’t be left in the dark as you learn new technologies.</p> 
 <p><b> MORE ABOUT US</b></p> 
 <p> Sal’s TED talk from 2011</p> 
 <p> Sal’s TED talk from 2015</p> 
 <p> Sal's TED talk from 2023</p> 
 <p> Our Team</p> 
 <p> Our Past Interns</p> 
 <h3 class=""jobSectionHeader""><b> OUR COMPANY VALUES</b></h3> 
 <p><b> Live &amp; breathe learners</b></p> 
 <p> We deeply understand and empathize with our users. We leverage user insights, research, and experience to build content, products, services, and experiences that our users trust and love. Our success is defined by the success of our learners and educators.</p> 
 <p><b> Take a stand</b></p> 
 <p> As a company, we have conviction in our aspirational point of view of how education will evolve. The work we do is in service to moving towards that point of view. However, we also listen, learn and flex in the face of new data, and commit to evolving this point of view as the industry and our users evolve.</p> 
 <p><b> Embrace diverse perspectives</b></p> 
 <p> We are a diverse community. We seek out and embrace a diversity of voices, perspectives and life experiences leading to stronger, more inclusive teams and better outcomes. As individuals, we are committed to bringing up tough topics and leaning into different points of view with curiosity. We actively listen, learn and collaborate to gain a shared understanding. When a decision is made, we commit to moving forward as a united team.</p> 
 <p><b> Work responsibly and sustainably</b></p> 
 <p> We understand that achieving our audacious mission is a marathon, so we set realistic timelines and we focus on delivery that also links to the bigger picture. As a non-profit, we are supported by the generosity of donors as well as strategic partners, and understand our responsibility to our finite resources. We spend every dollar as though it were our own. We are responsible for the impact we have on the world and to each other. We ensure our team and company stay healthy and financially sustainable.</p> 
 <p><b> Bring out the joy</b></p> 
 <p> We are committed to making learning a joyful process. This informs what we build for our users and the culture we co-create with our teammates, partners and donors.</p> 
 <p><b> Cultivate learning mindset</b></p> 
 <p> We believe in the power of growth for learners and for ourselves. We constantly learn and teach to improve our offerings, ourselves, and our organization. We learn from our mistakes and aren’t afraid to fail. We don't let past failures or successes stop us from taking future bold action and achieving our goals.</p> 
 <p><b> Deliver wow</b></p> 
 <p> We insist on high standards and deliver delightful, effective end-to-end experiences that our users can rely on. We choose to focus on fewer things — each of which aligns to our ambitious vision — so we can deliver high-quality experiences that accelerate positive measurable learning with our strategic partners.</p> 
 <p><i> We are committed to equal employment opportunity regardless of race, color, ancestry, religion, sex, gender, gender identity or expression, national origin, sexual orientation, age, citizenship, marital status, disability, or Veteran status. We value diversity, equity, and inclusion, and we encourage candidates from historically underrepresented groups to apply.</i></p>
</div>"
intern,Canada,1,9,,0db3df537839b926,,"<div>
 Overview: 
 <p> Solenis is a leading global producer of specialty chemicals, focused on delivering sustainable solutions for water-intensive industries, including the pulp, packaging paper and board, tissue and towel, oil and gas, petroleum refining, chemical processing, mining, biorefining, power, municipal, and pool and spa markets.</p>
 <p></p>
 <p><br> The company’s product portfolio includes a broad array of water treatment chemistries, process aids and functional additives, as well as state-of-the-art monitoring and control systems. These technologies are used by customers to improve operational efficiencies, enhance product quality, protect plant assets, minimize environmental impact and maintain healthy water.</p>
 <p></p>
 <p><br> Headquartered in Wilmington, Delaware, the company has 47 manufacturing facilities strategically located around the globe and employs a team of over 6,000 professionals in 120 countries across five continents.</p>
 <p></p>
 <p><br> Solenis is a 2023 US Best Managed Company.</p>
 <div></div>
 <p><br> For additional information about Solenis, please visit www.solenis.com or follow us on social media.</p> Description: Sales Internship Qualifications: 
 <div>
   We understand that candidates will not meet every single desired qualification. If your experience looks a little different from what we’ve identified and you think you can bring value to the role, we’d love to learn more about you.
 </div>
 <div></div>
 <div>
  <i><br> At Solenis, we understand that our greatest asset is our people. That is why we offer competitive compensation, comprehensive benefits which include medical, dental, vision &amp; 401K, and numerous opportunities for professional growth and development. So, if you are interested in working for a world-class company and enjoy solving complex challenges, whether in the lab or the field, consider joining our team.</i>
 </div>
 <div>
  <i> Solenis is proud to be an Equal Opportunity Affirmative Action Employer, including Minorities / Women/ Veterans / Disabled. All qualified applicants will receive consideration for employment without regard to race, color, religion, sex, sexual orientation, gender identity, national origin, or protected veteran status and will not be discriminated against on the basis of disability.</i>
  <br> 
  <br> 
  <i>Should you require assistance in applying to this opportunity, please reach out to Solenis Talent Acquisition at 1-888-756-2701. #LI-DS1.</i>
 </div>
</div>"
intern,Canada,1,8,,a4d8dda65bbd8b3d,,"<div>
 <p>Mani Wonders Inc. is an emerging product design brand paving a niche in the fashion technology space. The tech-infused lifestyle products are designed in Toronto and are manufactured and distributed worldwide. At Mani Wonders Inc., we believe in making products that bring simplicity and inspiration to your everyday life.</p> 
 <p> We are seeking a Web Developer Intern. The incumbent thrives in building, improving, and maintaining a world-class, multi-channel e-commerce platform.</p>
</div>
<p></p>"
intern,Canada,1,7,,8b418db9cc00d22f,,"<div>
 <p>Saguenay–Lac-Saint-Jean</p>
 <p> Stage en communication</p>
 <p> Stage d’hiver 2024</p>
 <p> Si vous voulez piloter un vrai changement, nous avons l’endroit pour le faire. Nos programmes de talents émergents vous permettent de façonner Rio Tinto. Nous voulons que vous fassiez partie de notre équipe pour nous aider à avancer en résolvant les défis émergents de notre époque. Chez Rio Tinto, nous pensons que les meilleures idées naissent en réunissant des personnes aux perspectives différentes pour travailler vers un objectif commun : créer un avenir meilleur.</p>
 <p><b> Au sujet du poste</b></p>
 <p> Nous recherchons un(e) stagiaire pour 4 (janvier à avril) ou 8 (janvier à août) mois qui est motivé(e) à développer ses compétences dans un environnement de travail collaboratif et stimulant. Travaillant avec l'équipe des Communications et engagement des employés, des Communautés et performance sociale ainsi que des Investissements sociaux au sein des Opérations Québec de notre division Aluminium, vous ferez partie d'une fonction stratégique, qui vous permettra d’apprendre et de développer vos aptitudes et connaissances professionnelles dans les principaux domaines suivants : · Communications d’entreprise ;· Engagement des employés ;· Collaboration avec la communauté ;· Partenariats durables. Il s'agit d'une excellente opportunité pour une personne enthousiaste ayant une solide éthique de travail et la capacité d’œuvrer de manière autonome pour mettre en valeur ses talents. Relevant du gestionnaire, Communications et engagement des employés, vous serez notamment appelé(e) à : · Développer et mettre en œuvre des plans d’engagement et de communication destinés aux employés, partenaires et membres de la communauté ;· Élaborer des campagnes de sensibilisation ;· Rédiger et concevoir des documents de communication destinés à des publics cibles variés ;· Supporter l'équipe afin de développer et améliorer ses relations avec les communautés ;· Contribuer à soutenir les engagements communautaires et les partenariats actifs dans la région.</p>
 <p><b> Votre contribution</b>· Un fort engagement envers votre sécurité et celle de vos collègues ;</p>
 <ul>
  <li> Mettre en pratique vos acquis académiques ;
   <ul>
    <li> Le titulaire du poste devra avoir complété avec succès au moins un an d'un baccalauréat dans les domaines suivants : communication publique, communication interculturelle, communications, communication humaine et organisationnelle, communication sociale, engagement avec le milieu, responsabilité sociale, consultation et performance sociale ou tout autre domaine connexe.</li>
    <li> Hautement motivé et solides compétences en matière d'engagement des individus ;· Capacité à naviguer dans des environnements de travail variés où la polyvalence est un atout.</li>
   </ul></li>
 </ul>
 <p><b> Les qualités recherchées</b></p>
 <div>
  <div>
   <ul>
    <li>Travail d’équipe / collaboration</li>
   </ul>
   <ul>
    <li>Attitude positive</li>
   </ul>
   <ul>
    <li>Excellent jugement</li>
   </ul>
   <ul>
    <li>Efficacité</li>
   </ul>
   <ul>
    <li>Polyvalence</li>
   </ul>
   <ul>
    <li>Gestion du stress</li>
   </ul>
  </div>
  <div>
   <ul>
    <li><br> Ouverture d’esprit</li>
   </ul>
   <ul>
    <li>Empathie et écoute</li>
   </ul>
   <ul>
    <li>Autonomie</li>
   </ul>
   <ul>
    <li>Rigueur</li>
   </ul>
   <ul>
    <li>Créativité</li>
   </ul>
  </div>
 </div>
 <br> 
 <p><b> Ce que nous offrons</b></p>
 <ul>
  <li> Environnement de travail axé sur la santé, la sécurité et le bien-être de chacun</li>
  <li> Salaire compétitif</li>
  <li> Expérience ambitieuse, excitante et enrichissante</li>
  <li> Opportunité d'établir des relations avec l'équipe et la communauté de Rio Tinto</li>
 </ul>
 <p><b> À propos de Rio Tinto</b></p>
 <p> Rio Tinto est un chef de file mondial du secteur des sociétés minières et des matériaux. Nous sommes établis dans 35 pays où nous produisons du minerai de fer, du cuivre, de l’aluminium, des minéraux critiques et d’autres matériaux nécessaires à la transition énergétique mondiale et à la prospérité des personnes, des communautés et des nations. Nous exerçons nos activités depuis 150 ans, en nous appuyant sur les connaissances accumulées au fil des générations et sur les différents continents. Notre mission – trouver de meilleures façons de fournir les matériaux dont le monde a besoin – nous guide dans notre quête d’innovation et d’amélioration continue, dans le but de fabriquer des produits à faibles émissions et répondant aux bonnes normes environnementales, sociales et de gouvernance. Mais comme nous ne pouvons pas y arriver seuls, nous nous attachons à créer des partenariats nous permettant de résoudre des problèmes, de créer des situations mutuellement avantageuses et de saisir des occasions.</p>
 <p><b> Quel sera votre lieu de travail</b></p>
 <p> Rio Tinto Aluminium est présent au Saguenay–Lac-Saint-Jean depuis plus de 100 ans. Dans la région, nos installations comprennent une raffinerie d’alumine, quatre usines d’électrolyse, six centrales hydroélectriques, notre Centre de recherche et de développement Arvida, le Centre opérationnel aluminium, un chemin de fer et un port. Nos usines d’électrolyse à la fine pointe de la technologie produisent de l’aluminium certifié « responsable ».</p>
 <p> Pour nous, le succès se traduit par des employés en santé, l’optimisation de notre performance, de solides relations avec nos partenaires et clients, l’’utilisation et le développement de nouvelles technologies, l’amélioration constante de notre empreinte environnementale et la création de valeur dans nos communautés d’accueil.</p>
 <p><b> Chaque voix compte</b></p>
 <p> Nous sommes déterminés à créer un milieu inclusif où les employés peuvent être eux-mêmes. Nous souhaitons que chaque voix compte, que toutes les cultures sont respectées et que les points de vue, aussi variés soient-ils, soient non seulement bienvenus, mais également essentiels à notre succès. Nous agissons avec équité et dignité, sans égard aux questions de race, de sexe, de nationalité, d’origine ethnique, de religion, d’âge, d’orientation sexuelle ou de tout autre aspect distinctif.</p>
 <p> Chez Rio Tinto, nous accueillons favorablement et encourageons les candidatures d’Autochtones, de femmes, de membres de la communauté LGBTQ2S+, de travailleurs âgés, de personnes handicapées et de représentants d’origines diverses.</p>
 <ul>
  <li><i>Rio Tinto se réserve le droit de retirer des offres d’emploi à tout moment. Par conséquent, si vous souhaitez postuler sur cette offre, veuillez soumettre votre candidature dès que possible</i></li>
 </ul>
 <p> Veuillez noter que vous devez répondre à toutes les questions de présélection pour que votre candidature soit prise en compte.</p>
 <p><b> Trouver de meilleures façons de fournir les matériaux dont le monde a besoin.</b></p>
 <p> graduate</p>
 <p> #FR</p>
</div>"
intern,Canada,1,6,,657b5039de6c35e6,,"Company Description 
<br>
<br> Dropbox is a special place where we are all seeking to fulfill our mission to design a more enlightened way of working. We’re looking for innovative talent to join us on our journey. The words shared by our founders at the start of Dropbox still ring true today. 
<br>
<br> Wouldn’t it be great if our working environment—and the tools we use—were designed with people’s actual needs in mind? Imagine if every minute at work were well spent—if we could focus and spend our time on the things that matter. This is possible, and Dropbox is connecting the dots. 
<br>
<br> The nearly 3,000 Dropboxers around the world have helped make Dropbox a living workspace - the place where people come together and their ideas come to life. Our 700+ million global users have been some of our best salespeople, and they have helped us acquire customers with incredible efficiency. As a result, we reached a billion dollar revenue run rate faster than any software-as-a-service company in history. 
<br>
<br> Dropbox is making the dream of a fulfilling and seamless work life a reality. We hope you’ll join us on the journey. 
<br>
<br> Team Description 
<br>
<br> Over the years at Dropbox, Emerging Talent has created a variety of internships, apprenticeships, and early-in-career full time opportunities to build pathways for exceptional early career professionals to succeed at Dropbox. Supported by a community of mentors, program graduates, and fellow participants, our Emerging Talent programs are the perfect place to start your career in tech. 
<br>
<br> Role Description 
<br>
<br> As a Dropbox intern, you are part of a top-notch learning experience with engineers from all backgrounds. You’ll work side-by-side with a dedicated, experienced engineer as your mentor and have ownership of a high-impact project. Our goal is to create a robust and impactful learning experience. You can expect to learn how to collaborate with full-timers across the engineering, product, and design teams and receive regular and effective feedback on your work to help you continuously improve. We’ll also help you connect with fellow interns, establish mentors, and build the foundation of a strong professional network. We will work with you to accommodate your school end and start dates culminating in a minimum of a 12-week long internship. 
<br>Responsibilities 
<br>
<br> As an intern, you work side-by-side with Dropbox engineers. Here are some examples numerous types of roles and teams that you can have an impact on: 
<br>
<br> Product Engineering - Build delightful full-stack user experiences that tackle real customer needs and help drive tons of revenue for Dropbox. As a product engineering intern you can expect to work across backend, API, desktop, mobile and web. 
<br>
<br> Infrastructure Engineering - Craft the building blocks that let us scale Dropbox to handle millions of concurrent connections, hundreds of billions of files, and hundreds of petabytes of data. 
<br>
<br> Analytics Engineering - Measure, optimize, and build one of the industry’s most advanced analytics platforms to derive insights from vast amounts of data. Our massive scale means you’ll work with more data than many other analytics firms combined. 
<br>
<br> Mobile Engineering - Craft the Dropbox client experience on mobile devices by learning and applying the ins and outs of iOS and Android SDK using Objective-C, Swift, Java and C++. You are also responsible for building the backend systems that power the mobile experiences and optimize the protocol between client and server for reliability, efficiency and speed. 
<br>
<br> Front End Engineering - Help keep our websites up and running by applying everything our application engineers do with the curiosity and interest in building fast, scalable, and responsive Dropbox experiences for the modern web, using technologies like Typescript, React, and Redux. 
<br>
<br> Site Reliability Engineering (SRE) - Build the software and automation that controls the hardware to run our products. Work with a team who lives on the boundary of software and hardware and develop a deep understanding of the inner workings of our products, our commitment to ensuring our products work well on real-world hardware in our data centers, and serve as the first line of defense when something goes with our production infrastructure or services. 
<br>
<br> Security Engineering - People trust Dropbox to keep their data secure, and at Dropbox we rely on our security engineers to make our products safe. You are a software engineer with a deep interest in building software that is secure yet easy to use. Security engineers collaborate with product teams to secure our software, production infrastructure, website, desktop and mobile apps and our corporate infrastructure and devices. 
<br>
<br> Requirements 
<br>
<br> Currently pursuing a BS or MS in Computer Science or related technical field involving coding (e.g., physics or mathematics), or equivalent technical experience 
<br>Experience writing or shipping software as part of coursework, personal projects, internships, coding competitions or research 
<br>Passion for learning, solving problems, and challenging the status quo 
<br>Available for Summer 2024 full time internship (40 hours per week / 12 weeks) 
<br>
<br> Dropbox is committed to investing in the holistic health and wellbeing of all Dropboxers and their families. 
<br>
<br> 
<b>Our benefits and perks programs include:</b>
<br> Competitive medical, dental and vision coverage 
<br>
<br> Flexible Time Off/Paid Time Off, paid holidays, Company-wide PTO days, Volunteer time off 
<br>
<br> Perks Allowance to be used on what matters most to you, whether that’s productivity, learning &amp; development, wellness, co-working space 
<br>
<br> Additional benefits details are available upon request. 
<br>
<br> Dropbox is an equal opportunity employer. We are a welcoming place for everyone, and we do our best to make sure all people feel supported and connected at work. A big part of that effort is our support for members and allies of internal groups like Asians at Dropbox, BlackDropboxers, Latinx, Pridebox (LGBTQ), Vets at Dropbox, Women at Dropbox, ATX Diversity (based in Austin, Texas) and the Dropbox Empowerment Network (based in Dublin, Ireland)."
intern,Canada,1,5,,aa0985f6419c551d,,"<div>
 <div>
  <div>
   <div>
    <div>
     <p>At Johnson &amp; Johnson, we use technology and the power of teamwork to discover new ways to prevent and overcome the world’s the most significant healthcare challenges. Our Corporate, Consumer Health, Medical Devices, and Pharmaceutical teams leverage data, real-world insights, and creative minds to make life-changing healthcare products and medicines. We're disrupting outdated healthcare ecosystems and infusing them with transformative ideas to help people thrive throughout every stage of their lives. With a reach of more than a billion people every day, there’s no limit to the impact you can make here. Are you ready to reimagine healthcare? </p>
     <p>Here, your career breakthroughs will change the future of health, in all the best ways. And you’ll change, too. You’ll be inspired, and you’ll inspire people across the world to change how they care for themselves and those they love. Amplify your impact. Join us! </p>
     <p>Janssen Pharmaceuticals, Inc., a member of Johnson &amp; Johnson's Family of Companies is recruiting for a(n) Intern - Data and Insights Product Group (Canada), located in North York, Ontario. </p>
     <p>At the Janssen Pharmaceutical Companies of Johnson &amp; Johnson, we are working to build a world without disease. Redefining lives by finding new and better ways to prevent, intercept, treat and cure disease encourages us. We bring together the best minds and pursue the most promising science. We are Janssen! We collaborate with the world for the health of everyone in it. Learn more at www.janssen.com and follow us on Instagram @JanssenGlobal. Janssen Pharmaceuticals Inc. is part of the Janssen Pharmaceutical Companies. </p>
     <p>Our internship position is a comprehensive learning and professional experience in the technology space at, Janssen Pharmaceuticals Inc, one of the world’s leading health care companies. This Intern position is a full-time opportunity which is expected to last 3 months (June 2024 – August 2024). It is an in-person position in our North York, Ontario location where we work on a “hybrid model”. This means that you will be asked to report on site 3 times a week and can work remotely 2 times a week. If you are selected for an internship position, you will work directly with your manager as your start date approaches to confirm your exact schedule. </p>
     <h3 class=""jobSectionHeader""><b>Key Responsibilities </b><b>: </b></h3>
     <ul>
      <li>Exposure to a range of technologies and assignments to ingest data in its raw format and elegantly engineer, transform, model and visualize it into the fabric of modern products and outstanding customer experiences. </li>
      <li>Partnering with Technology, Data Science and Business associates to assess and define requirements. </li>
      <li>Assist with project development and coordination. </li>
      <li>Interact with other IT teams to ensure business requirements are understood and implemented. </li>
     </ul>
     <h2 class=""jobSectionHeader""><b>Qualifications</b></h2> 
     <h3 class=""jobSectionHeader""><b>Education: </b></h3>
     <ul>
      <li>Have a cumulative GPA of 3.0 or higher, which is reflective of all college coursework. </li>
      <li>Be currently enrolled and pursuing a Bachelor’s, Master’s, PhD or MD degree. </li>
      <li>Preferred fields include but are not limited to Information Management, Information Technology, Computer Engineering, Management Information Systems, Computer Science, Software Engineering / Development, Data Science, or Mathematics. </li>
      <li>By start date, must be considered an undergraduate sophomore or above. </li>
     </ul>
     <h3 class=""jobSectionHeader""><b>Experience and Skills: </b></h3>
     <h3 class=""jobSectionHeader""><b>Required: </b></h3>
     <p>Communication and collaboration skills, both written and verbal </p>
     <p><b>Other: </b></p>
     <p>Ability to work full time (40 hours a week) for the whole term </p>
     <p>Johnson &amp; Johnson is an Affirmative Action and Equal Opportunity Employer. All qualified applicants will receive consideration for employment without regard to race, color, religion, sex, sexual orientation, gender identity, age, national origin, or protected veteran status and will not be discriminated against on the basis of disability.</p>
    </div>
   </div>
  </div>
 </div>
</div>"
intern,Canada,1,4,,2a495c4267cef63a,,"<div>
 <div>
  <h2 class=""jobSectionHeader""><b>Description</b></h2>
 </div>
 <div>
  <p> Located out of our Calgary office, the individual in the <b>Crude Oil Marketing Co-op</b> role will report to the Director of Crude Marketing. The successful candidate will be involved in a blend of both finance and marketing responsibilities which will allow them to look at the IPL business from a different lens.</p>
  <div>
   <b> Key Activities and Responsibilities:</b>
   <br> 
   <ul>
    <li>Ad hoc assignments with tasks in analyzing detailed information</li>
    <li>A high-level understanding of the economic markets, coupled with a keen interest in acquiring more knowledge</li>
    <li>An aptitude for optimization and review business roadblocks from a different angle</li>
    <li>Assist with analytical support in various areas of the company</li>
    <li>Working with the Crude Oil Traders to assist with deal entry and month end reconciliations</li>
    <li>Monitoring production levels from our customers and communicating major changes to the appropriate stakeholders</li>
    <li>Experience within the oil and gas industry is a benefit, but not a necessity</li>
    <li>Analyze pipeline flows on various pipelines and updating databases as necessary to support fundamental analysis</li>
    <li>Assist with submitting monthly pipeline nominations and conducting deal volume confirmations with external counterparties</li>
   </ul>
  </div>
  <div>
   <b> Education, Skills and Experience:</b>
   <br> 
   <ul>
    <li>Enrolled in a university program, ideally with a focus in finance, mathematics, economics, business or engineering</li>
    <li>Ideally 3rd or 4th year university student</li>
    <li>Exceptional Microsoft Excel skills, with an understanding for all facets of MS Suite</li>
    <li>Comfortable communicating with internal and external stakeholders</li>
    <li>Organized and ability to co-ordinate across diverse business units</li>
    <li>Willingness to work in a fast-paced, growth environment</li>
    <li>Keen interest in understanding the key business drivers of different businesses within IPL</li>
    <li>Working knowledge of Power BI is an asset</li>
   </ul>
  </div>
  <p><b> Hours:</b><br> 40 hours – Full time<br> January – August 2024; 8 month term</p>
 </div>
</div>"
intern,Canada,1,3,,6ddb6bd97d457989,,"<p><b>(Full-time, 1 year internship with possibility of extension)</b></p>
<p>Crosscut Distillery is looking to grow our small but mighty team. We are looking for a reliable, fun-loving individual who is just as excited about the industry as we are.</p>
<p><b>Roles &amp; Responsibilities</b></p>
<ul>
 <li>Setup and preparation for packaging process for finished spirits and ready to drink cocktails</li>
 <li>Ensure packaging needs are met as per market demand, including aid in ingredient forecasting and management</li>
 <li>Aid distiller in mashing grains, filtration and transfer of spirits</li>
 <li>Aid distiller in pitching yeast and monitoring fermentation of grains</li>
 <li>Crude distillation process, including safety checks, monitoring of distillation and start-up/shutdown of equipment in sequence</li>
 <li>Executing gin recipe and botanical blending</li>
 <li>General labour with an ability to easily move bags of grain and cases of spirits</li>
 <li>Record keeping of processes and inventory</li>
 <li>Aid in sanitation protocols for mashing, fermenting and distilling equipment</li>
 <li>Cleaning of distillery equipment and distillery</li>
 <li>General maintenance of the distillery</li>
 <li>Deliveries or ingredient procurement, as required</li>
 <li>As a small company, all employees assist one another in a range of tasks; especially in shoulder seasons. This may include helping with general warehousing duties, equipment cleaning/sanitization, retail, packaging, distilling, serving at public events and general light cleaning. Flexibility will be required in role and work schedule.</li>
 <li>An expectation of self motivation and execution will be expected following training</li>
 <li>Experience in brewing, wine making and distilling considered an asset</li>
 <li>Experience in equipment and facility maintenance considered an asset</li>
 <li>For additional eligibility requirements for the position, see below.</li>
</ul>
<p><b>ADDITIONAL CRITERIA:</b></p>
<p>Successful candidates must have and maintain a clean criminal record;</p>
<ul>
 <li>demonstrate continued attention to detail as we work in a federally regulated food / alcohol production facility;</li>
 <li>have and maintain a respectful presence in the community;</li>
 <li>be reliable in attendance and performance;</li>
 <li>have a willingness to work and self-motivate;</li>
 <li>be able to work as a team member;</li>
 <li>have and maintain a valid G drivers licence with reliable transportation;</li>
 <li>have SmartServe certification;</li>
 <li>be physically capable of repeatedly lifting weights of up to 25kg;</li>
 <li>be 18 years of age or older; and</li>
 <li>reside, and be legally entitled to work in Canada.</li>
</ul>
<p>The ideal candidate may also qualify for funding, and would:</p>
<ul>
 <li>be a new entrant into the workforce, transitioning to a new career, be unemployed or underemployed and entering a new field</li>
 <li>not have previously participated in a NOHFC-funded internship</li>
</ul>
<p>Job Type: Full-time</p>
<p>Salary: $18.00-$20.00 per hour</p>
<p>Benefits:</p>
<ul>
 <li>Extended health care</li>
 <li>Store discount</li>
</ul>
<p>Flexible Language Requirement:</p>
<ul>
 <li>French not required</li>
</ul>
<p>Schedule:</p>
<ul>
 <li>Day shift</li>
 <li>Evening shift</li>
 <li>Monday to Friday</li>
 <li>Weekends as needed</li>
</ul>
<p>Application question(s):</p>
<ul>
 <li>Do you have a criminal record for which you have not received a pardon?</li>
</ul>
<p>Licence/Certification:</p>
<ul>
 <li>Drivers License &amp; Reliable Vehicle? (required)</li>
</ul>
<p>Work Location: In person</p>"
intern,Canada,1,2,,0160c46564b609ad,,"<div>
 <p>Spartan Controls is an employee-owned company and leading provider of industrial automation, valves, measurement and control solutions for process industries in Western Canada. We are dedicated to providing exceptional sales, support and service experiences for our diverse customer base in industries such as mining, power, oil &amp; gas, municipal, pulp &amp; paper, and chemical.</p>
 <p></p>
 <p><br> Our employee ownership model creates a unique culture of community, creativity, entrepreneurship, and a place to build your career. Spartan Controls provides an environment that not only encourages you to do your best, but also empowers you to do what it takes to create a solution, address a need, or respond to an issue.</p>
 <p></p>
 <div>
  <div>
   <div>
    <h2 class=""jobSectionHeader""><b><br> Summary</b></h2>
   </div>
   <div>
    <p> We are currently seeking a temporary <b>Human Resources Administrator/Co-op Student </b>for an 8-month term (with possibility of extension). The successful candidate will provide support and assistance with a variety of administrative duties, within the Human Resources team. This position will be based out of our Edmonton Automation Centre, and will report to the Vice President of Human Resources.</p>
   </div>
  </div>
  <div>
   <div>
    <h2 class=""jobSectionHeader""><b> Role and Responsibilities</b></h2>
   </div>
   <div>
    <ul>
     <li>Assist with recruitment activities (job postings development, posting positions, interview preparation, reference checking, screening). May participate in interview process for designated positions.</li>
     <li>Support the new hire onboarding process by sending out new hire Welcome Packages, collecting onboarding documents and entering employee record data, sending Mentor emails, and preparing/conducting New Hire Orientations</li>
     <li>Respond to employee enquiries in a timely manner</li>
     <li>Provide general administrative support, such as preparing presentations and other miscellaneous projects as required</li>
     <li>Assist in the coordination of HR related events (Career Fairs, Leadership Conferences, etc.)</li>
    </ul>
   </div>
  </div>
  <div>
   <div>
    <h2 class=""jobSectionHeader""><b> Qualifications and Skills</b></h2>
   </div>
   <div>
    <ul>
     <li>Bachelor of Commerce students seeking a co-operative education term starting in January 2024</li>
     <li>Some experience working in HR in Administration, Analyst or Generalist roles would be preferred.</li>
     <li>Excellent computer skills and good working knowledge of Microsoft Office applications (Word, Excel, PowerPoint, and Outlook)</li>
     <li>Experience with SAP SuccessFactors is an asset</li>
     <li>Knowledge of FileMaker an asset</li>
     <li>Exceptional verbal and written communication skills</li>
     <li>Strong organizational and time management skills</li>
     <li>Ability to work independently as well as part of a team</li>
     <li>Exhibit professionalism and confidentiality</li>
     <li>Motivated and efficient self-starter with positive “do what it takes” attitude</li>
     <li>Exceptional customer service skills</li>
     <li>Entrepreneurial work ethic</li>
     <li>Thrives in a fast paced, changing environment</li>
     <li>Keen learner</li>
     <li>Detail-oriented, highly accurate and organized</li>
    </ul>
   </div>
  </div>
 </div>
 <p> Close Date: October 17, 2023 (11:59 pm MDT)</p>
 <p> IND123</p>
 <p> Requisition ID: [[935]]</p>
</div>"
intern,Canada,1,1,,70b3475c96e794e1,,"<p>HEYYY, nous cherchons une personne souriante qui se joindra à notre belle équipe sur le Boulevard Laurier à Sainte-Foy.</p>
<p>Poste temps partiel! Les quarts de travail sont principalement les soirs et le week-end. (nous nous adapterons également à ton horaire d'école et tes activités / sports / etc.) Tu n'as pas besoin d'avoir de l'expérience. Nous te formerons! :)</p>
<p>Tu dois avoir un intérêt pour la cuisine et le service à la clientèle. Tu dois être débrouillard(e) et aimer le travail d'équipe. Salaire minimum + pourboires $$ + repas gratuit + escomptes dans des restos affiliés!! Fun assuré!! Envoie ton CV directement par courriel à Maryse notre gérante ou postule sur Facebook :)</p>
<p>Type d'emploi : Stage / Coop, Occasionnel, Permanent, Apprentissage, Temps plein</p>
<p>Salaire&nbsp;: 18,25$ à 20,25$ par heure</p>
<p>Avantages&nbsp;:</p>
<ul>
 <li>Congés de Vacances et Compensatoires</li>
 <li>Horaires flexibles</li>
 <li>Nourriture à Prix Réduit ou Gratuite</li>
 <li>Tenue Décontractée</li>
</ul>
<p>Flexible Language Requirement&nbsp;:</p>
<ul>
 <li>Anglais non requis</li>
</ul>
<p>Horaires de travail&nbsp;:</p>
<ul>
 <li>4 Heures</li>
 <li>Disponibilité la fin de semaine</li>
 <li>Du Lundi au Vendredi</li>
 <li>Quart de jour</li>
 <li>Quart de soir</li>
</ul>
<p>Types de paie supplémentaire&nbsp;:</p>
<ul>
 <li>Pourboires</li>
 <li>Primes</li>
</ul>
<p>Lieu du poste : En présentiel</p>
<p>Date de début prévue&nbsp;: 2023-05-30</p>"
intern,Canada,1,0,,1906bd2b9ab032b2,,"<div>
 <div>
  Votre défi:
 </div>
 <br> 
 <div></div> 
 <div>
  Sous la supervision du superviseur de maintenance, vous serez en charge d'assumer un soutien aux opérations afin d'optimiser la productivité. Ainsi, l’électrotechnicien répondra aux appels du plancher et à la réparation des équipements de production de l'usine, au niveau électrique.
 </div>
 <br> 
 <div></div> 
 <div>
  Responsabilités du poste
 </div> 
 <ul>
  <li>Faire l'entretien préventif et la réparation de composantes électriques de machines industrielles et de bâtiments ;</li>
 </ul> 
 <ul>
  <li>Faire du diagnostic et du dépannage de production (PLC, variateur de fréquence, etc.) ;</li>
 </ul> 
 <ul>
  <li>Effectuer des branchements électriques de puissance, d'instruments et de contrôles ;</li>
 </ul> 
 <ul>
  <li>Concevoir et faire des modifications aux systèmes électriques des équipements ;</li>
 </ul> 
 <ul>
  <li>Appliquer et respecter les règlements de santé et sécurité au travail ;</li>
 </ul> 
 <ul>
  <li>Toutes autres tâches connexes.</li>
 </ul>
 <br> 
 <div></div> 
 <div>
  Pourquoi travailler chez Cascades ?
 </div>
 <br> 
 <div></div> 
 <ul>
  <li>Travailler pour une compagnie qui est basée sur des valeurs environnementales</li>
 </ul> 
 <ul>
  <li>Travailler dans la région sans traverser les ponts de Montréal</li>
 </ul> 
 <ul>
  <li>Travailler à un site facilement accessible par l'autoroute 30, 40 et la 20 (travailler en Montérégie-Ouest, région Vaudreuil-Soulanges)</li>
 </ul> 
 <ul>
  <li>Pour travailler pour une compagnie qui offre des assurances collectives et qui en partage les frais avec les employés (80%-20%)</li>
 </ul> 
 <ul>
  <li>Pour travailler pour une compagnie qui a à cœur que ses employés pensent à leur retraite, en offrant un programme REER pour lequel la compagnie vient elle aussi déposer à tes REER et ce jusqu'à concurrence d'un certain montant. En plus, une contribution supplémentaire permet d'obtenir un montant additionnel de la compagnie qui tient compte de son ancienneté. Plus tu as d'années de services, plus la compagnie verse à ton REER !</li>
 </ul> 
 <ul>
  <li>Pour avoir accès au programme d'achat d'action, de la compagnie pour lequel la compagnie te verse un montant de 25% de plus que ce que toi tu y mets</li>
 </ul> 
 <ul>
  <li>Pour les avantages tel que journée mobile, possibilité de cumuler une portion de ton temps supplémentaire et de le reprendre jusqu'à 80 heures en temps</li>
 </ul> 
 <ul>
  <li>Pour un travail qui est permanent</li>
 </ul> 
 <ul>
  <li>Pour l'esprit d'équipe et familial au sein de notre équipe de travail</li>
 </ul> 
 <ul>
  <li>Pour les valeurs de confiance et d'autonomie dans lesquels nous gérons notre entreprise</li>
 </ul> 
 <ul>
  <li>Pour la possibilité de compagnonnage pour ta licence C avec une équipe d'expérience !</li>
 </ul>
 <br> 
 <div></div> 
 <div>
  Exigences:
 </div>
 <br> 
 <div></div> 
 <ul>
  <li>Posséder un DEP ou un DEC en électricité ou en instrumentation et contrôle ;</li>
 </ul> 
 <ul>
  <li>Avoir minimum 2 années d’expérience pertinente dans un milieu industriel automatisé;</li>
 </ul> 
 <ul>
  <li>Posséder une licence C (un atout).</li>
 </ul>
 <br> 
 <div></div> 
 <div>
  Horaire et Rémunération:
 </div>
 <br> 
 <div></div> 
 <ul>
  <li>Horaire de travail sur quarts rotatifs (jour/soir)</li>
 </ul> 
 <ul>
  <li>Salaire à partir de 37.14$/heure</li>
 </ul>
 <br> 
 <div></div> 
 <div>
  Intéressé ? envoie ton C.V. à camille_pelletier@cascades.com
 </div>
 <br> 
 <div></div> 
 <div>
  #ST01
 </div> 
 <div>
  <b> #respectezvotrenature #révélezvotrepotentiel #laviechezCascades</b>
 </div> 
 <div>
  <i>Cascades croit au succès d'une organisation inclusive qui valorise la diversité au sein de son équipe. Elle considérera avec équité toutes les personnes qualifiées pour ce poste.</i>
 </div>
 <br> 
 <div></div> 
 <div>
  <b>À propos de Cascades</b>
 </div> 
 <div>
  Faire partie de Cascades, c’est révéler le plein potentiel de la matière, des gens et des idées. Nous sommes source de possibilités depuis 1964. Cascades propose des solutions durables, innovantes et créatrices de valeur en matière d’emballage, d’hygiène et de récupération.
 </div> 
 <div>
  Rejoignez 10 000 talents travaillant dans un réseau de près de 80 unités d’exploitation situées en Amérique du Nord.
 </div>
 <br> 
 <p><br> <b>Segment de l’offre d’emploi: </b>QC, Instrumentation, Quality, Engineering</p>
</div>"
